category_ru,category_az
Бальзам,Balzam
Дезодорант,Dezodorant
Детский крем,Uşaq kremi
Корректор,Korrektor
Крем,Krem
Крем-пудра,Krem-pudra
Кюретки,Kürətkalar
Лосьон,Losyon
Ободки,Saç bantları
Парфюмерия,Ətriyyat
Пилки,Pedikür bafları
Пилочки,Dırnaq bafları
Подводка,Göz layneri
Скраб,Skrab
Спонжи,Süngərlər
Тоник,Tonik
Хайлайтер,Haylayter
Шиммер,Şimmer
BB и CC крем,BB və CC krem
Аксессуары и массажеры для лица,Üz üçün aksesuarlar və massajerlər
Антицеллюлитные и моделирующие средства,Antisellülit və modelləşdirici vasitələr
Ароматические диффузоры и палочки,Aromatik diffuzorlar və çubuqlar
Ароматические свечи,Aromatik şamlar
База для век,Göz qapağı üçün baza
База и закрепитель для лака,Lak üçün baza və bərkidici
База под макияж,Makiyaj üçün baza
Бальзам для губ,Dodaq balzamı
Бальзам для лица,Üz balzamı
Блеск для губ,Dodaq parıltısı
Бомбочки для ванны,Vanna bombaları
Бронзанты и средства для автозагара,Bronzant və avtoqaralma vasitələri
Бронзер,Bronzer
Ватные диски и палочки,Pamıq disklər və çubuqlar
Воск для волос,Saç üçün mum
Воск и полоски для депиляции,Depilyasiya üçün mum və zolaqlar
Гель для бровей,Qaş geli
Гель для волос,Saç geli
Гель для душа,Duş geli
Гель для кожи вокруг глаз,Göz ətrafı dəri üçün gel
Гель для умывания,Yuyunma geli
Гидрофильное масло,Hidrofil yağ
Глиняные маски,Gil maskalar
Гольфы,Diz altı corablar
Детская косметика,Uşaq kosmetikası
Детская солнцезащитная косметика,Uşaqlar üçün günəşdən qoruyucu kosmetika
Детский гель и пенка для купания,Uşaqlar üçün çimmək geli və köpüyü
Детский шампунь и кондиционер,Uşaq şampunu və kondisioneri
Детское мыло,Uşaq sabunu
Жидкая помада,Maye dodaq boyası
Жидкое мыло,Maye sabun
Зубная паста,Diş pastası
Зубные щетки,Diş fırçaları
Инструменты и аксессуары для салонов,Salonlar üçün alətlər və aksesuarlar
Карандаш для глаз,Göz qələmi
Карандаш для губ,Dodaq qələmi
Карандаши для бровей,Qaş qələmləri
Кисти для макияжа,Makiyaj fırçaları
Кисти и инструменты для дизайна ногтей,Dırnaq dizaynı üçün fırçalar və alətlər
Колготки для девочек,Qızlar üçün kolqotka
Колготки и чулки,Kolqotka və corablar
Компактная пудра,Kompakt pudra
Корректор для глаз,Göz korrektoru
Косметика для бритья,Qırxınma kosmetikası
Косметика после бритья,Qırxınmadan sonrakı kosmetika
Косметические масла,Kosmetik yağlar
Краска для волос,Saç boyası
Крем для губ,Dodaq kremi
Крем для депиляции,Depilyasiya kremi
Крем для кожи вокруг глаз,Göz ətrafı dəri üçün krem
Крем для лица,Üz kremi
Крем-маска для лица,Üz üçün krem-maska
Крем-маски,Krem-maskalar
Кусачки и книпсеры,Dırnaq qayçıları və nipperlər
Лак для волос,Saç lakı
Лак для ногтей,Dırnaq lakı
Лечебный уход за бровями и ресницами,Qaş və kirpiklər üçün müalicəvi qulluq
Лечение и укрепление ногтей,Dırnaqların müalicəsi və möhkəmləndirilməsi
Маникюрные ножницы,Manikür qayçıları
Маска для волос,Saç maskası
Маски - эксфолианты,Eksfoliasiya maskaları
Маски от черных точек,Qara nöqtələrə qarşı maskalar
Маски-пленки,Pərdə maskalar
Масла и средства для загара,Qaralma üçün yağlar və vasitələr
Масло для кутикулы,Kutikula üçün yağ
Масло для лица,Üz üçün yağ
Масло и крем для волос,Saç üçün yağ və krem
Массажные масла,Masaj yağları
Мицеллярная вода и гель,Mişellyar su və gel
Молочко,Kosmetik süd
Мужской гель для душа,Kişilər üçün duş geli
Мусс и пена для волос,Saç üçün mus və köpük
Наборы декоративной косметики,Dekorativ kosmetika dəstləri
Наборы косметики по уходу,Qulluq kosmetikası dəstləri
Носки женские,Qadın corabları
Ночной крем для лица,Gecə üz kremi
Окрашивание бровей и ресниц,Qaş və kirpiklərin boyanması
Ополаскиватели для полости рта,Ağız yaxalayıcıları
От глистов и паразитов средства,Qurd və parazitlərə qarşı vasitələr
Палетки для макияжа,Makiyaj paletləri
Парфюмерные наборы,Ətriyyat dəstləri
Патчи под глаза,Göz altı patçlar
Пенка и мусс для умывания,Yuyunma üçün köpük və mus
Пинцеты,Pinsetlər
Подарочные наборы косметики,Hədiyyə kosmetika dəstləri
Помада,Dodaq boyası
Пояса и трикотаж для похудения,Arıqlama üçün qurşaqlar və trikotaj
Присыпка детская,Uşaq pudrası
Прокладки,Gigiyenik salfetlər
Прокладки ежедневные,Gündəlik gigiyenik salfetlər
Рассыпчатая пудра,Səpələnən pudra
Расчески для волос,Saç darakları
Румяна,Allıq
Синтетические мочалки для тела,Bədən üçün sintetik liflər
Скраб и пилинг для кожи головы,Baş dərisi üçün skrab və piling
Сменные кассеты для бритья,Qırxınma üçün əvəzedici kasetlər
Солнцезащитные средства,Günəşdən qoruyucu vasitələr
Соль для ванны,Vanna duzu
Спрей для тела,Bədən spreyi
Средства для защиты от насекомых,Həşəratlardan qoruyucu vasitələr
Средства для интимной гигиены,İntim gigiyena vasitələri
Средства для снятия лака,Lak təmizləyici vasitələr
Средства для укладки бороды и усов,Saqqal və bığ üçün düzəliş vasitələri
Средства от выпадения волос,Saç tökülməsinə qarşı vasitələr
Средства от растяжек,Striyalara qarşı vasitələr
Средства против прыщей и акне,Sızanaq və akneyə qarşı vasitələr
Средство для снятия водостойкого макияжа,Su keçirməz makiyajı təmizləmə vasitəsi
Средство для снятия макияжа c лица,Üzdən makiyaj təmizləmə vasitəsi
Средство для удаления кутикулы,Kutikula təmizləmə vasitəsi
Станки для бритья,Qırxınma dəzgahları
Сухой шампунь,Quru şampun
Сушка для лака,Lak quruducu
Сыворотка для кожи вокруг глаз,Göz ətrafı dəri üçün serum
Сыворотки и эликсиры,Serumlar və eliksirlər
Тени для бровей,Qaş kölgəsi
Тени для век,Göz kölgəsi
Термальная вода и спреи,Termal su və spreylər
Термозащита для укладки,Düzəliş üçün termik qoruyucu
Тинт для губ,Dodaq tinti
Тканевые маски,Parça maskalar
Тональная основа,Tonal krem
Тонер для лица,Üz toneri
Тонирующий бальзам,Rəngləndirici balzam
Тонирующий спрей,Rəngləndirici sprey
Тонирующий шампунь,Rəngləndirici şampun
Точилки для карандашей,Qələm itiləyənlər
Туалетное мыло,Tualet sabunu
Тушь для бровей,Qaş tuşu
Тушь для ресниц,Kirpik tuşu
Увлажняющий гель для лица,Üz üçün nəmləndirici gel
Уход за кожей ног,Ayaq dərisinin qulluğu
Уход за кожей рук,Əl dərisinin qulluğu
Уход за шеей и зоной декольте,Boyun və dekolte zonasının qulluğu
Уход после загара,Qaralmadan sonrakı qulluq
Шампунь,Şampun
Щетки и брашинги для волос,Saç üçün fırçalar və braşinqlər
